"yearID","lgID","teamID","R","AVE","OBP","SLG","OPS"
1994,"AL","BAL",589,0.27152489626556,0.348901098901099,0.43801867219917,0.786919771100269
1994,"AL","BOS",552,0.263451776649746,0.334165154264973,0.420812182741117,0.754977337006089
1994,"AL","CAL",543,0.264265787471468,0.3342422176778,0.408825767182348,0.743067984860149
1994,"AL","CHA",633,0.287417554540842,0.366259711431743,0.443683409436834,0.809943120868577
1994,"AL","CLE",679,0.289656887120835,0.350896860986547,0.483838886126305,0.834735747112852
1994,"AL","DET",652,0.264981036662453,0.35154707044108,0.454361567635904,0.805908638076984
1994,"AL","KCA",574,0.268729225262081,0.335016062413951,0.418818716440808,0.753834778854759
1994,"AL","MIN",594,0.276315789473684,0.340173278613771,0.426619433198381,0.766792711812152
1994,"AL","ML4",547,0.262694821518351,0.334751455441111,0.407742584213172,0.742494039654283
1994,"AL","NYA",670,0.289764174611139,0.37434554973822,0.462117410938284,0.836462960676504
1994,"AL","OAK",549,0.25971685971686,0.330359185541066,0.3994851994852,0.729844385026266
1994,"AL","SEA",569,0.269121813031161,0.334569904938558,0.450939994849343,0.785509899787901
1994,"AL","TEX",613,0.279688676876726,0.353452115812918,0.436354506653276,0.789806622466194
1994,"AL","TOR",566,0.268551236749117,0.336041525614985,0.423775870772337,0.759817396387322
1994,"NL","ATL",542,0.267029267029267,0.333411051527162,0.434084434084434,0.767495485611597
1994,"NL","CHN",500,0.259060745278203,0.324561403508772,0.404032669729454,0.728594073238226
1994,"NL","CIN",609,0.285571392848212,0.349708389412292,0.449362340585146,0.799070729997439
1994,"NL","COL",573,0.27408886669995,0.337384650011254,0.438592111832252,0.775976761843505
1994,"NL","FLO",468,0.265664798777382,0.329574223245109,0.39556800815079,0.725142231395899
1994,"NL","HOU",602,0.27787610619469,0.346961825163768,0.445259165613148,0.792220990776916
1994,"NL","LAN",532,0.270235655737705,0.333333333333333,0.414446721311475,0.747780054644809
1994,"NL","MON",585,0.27775,0.342972427706792,0.43525,0.778222427706792
1994,"NL","NYN",506,0.249676919100543,0.315764925373134,0.393641767898682,0.709406693271816
1994,"NL","PHI",521,0.261777438248026,0.331812998859749,0.390119684237331,0.72193268309708
1994,"NL","PIT",466,0.259057971014493,0.32183908045977,0.384316770186335,0.706155850646106
1994,"NL","SDN",479,0.274582104228122,0.329588856436756,0.400934119960669,0.730522976397424
1994,"NL","SFN",504,0.248901524941845,0.317748313561293,0.401912638924787,0.71966095248608
1994,"NL","SLN",535,0.262942080984111,0.33885610531094,0.414402870322911,0.753258975633851
1995,"AL","BAL",704,0.261939218523878,0.342378437443089,0.427744469712632,0.770122907155721
1995,"AL","BOS",791,0.279967980788473,0.356903544348439,0.454672803682209,0.811576348030649
1995,"AL","CAL",801,0.276947599123331,0.351776560014142,0.448296473401076,0.800073033415218
1995,"AL","CHA",755,0.2800395256917,0.35377358490566,0.43102766798419,0.78480125288985
1995,"AL","CLE",840,0.290572792362769,0.360516539890324,0.478719172633254,0.839235712523577
1995,"AL","DET",654,0.247482014388489,0.326545454545455,0.40431654676259,0.730862001308044
1995,"AL","KCA",629,0.260044870487457,0.328388278388278,0.396084030185601,0.724472308573879
1995,"AL","MIN",703,0.279320679320679,0.345960502692998,0.418781218781219,0.764741721474217
1995,"AL","ML4",740,0.2658,0.335778175313059,0.4092,0.744978175313059
1995,"AL","NYA",749,0.275924802910855,0.357281211480895,0.420254699818072,0.777535911298966
1995,"AL","OAK",730,0.263628966639544,0.341332378223496,0.42046379170057,0.761796169924065
1995,"AL","SEA",796,0.275620496397118,0.349768600925596,0.448158526821457,0.797927127747053
1995,"AL","TEX",691,0.265418278037859,0.33768352365416,0.409729289639731,0.747412813293891
1995,"AL","TOR",642,0.259928514694202,0.328467153284672,0.408657664813344,0.737124818098015
1995,"NL","ATL",645,0.249688408807644,0.325813609467456,0.409223099293727,0.735036708761182
1995,"NL","CHN",693,0.264960709248438,0.326937134502924,0.429981865806972,0.756919000309896
1995,"NL","CIN",747,0.270446665306955,0.341981132075472,0.43973077707526,0.781711909150732
1995,"NL","COL",785,0.281537845414497,0.349685534591195,0.470764917901482,0.820450452492677
1995,"NL","FLO",673,0.261563651248465,0.335272727272727,0.405648792468277,0.740921519741004
1995,"NL","HOU",747,0.275259956837355,0.352656168887351,0.399058269570335,0.751714438457686
1995,"NL","LAN",634,0.263658437879401,0.328949771689498,0.399838122217726,0.728787893907223
1995,"NL","MON",621,0.258511722731906,0.319673651029112,0.394495412844037,0.714169063873149
1995,"NL","NYN",657,0.266841468334006,0.329932592457643,0.400161355385236,0.730093947842879
1995,"NL","PHI",615,0.261818181818182,0.332309360318034,0.384040404040404,0.716349764358438
1995,"NL","PIT",629,0.259469313348187,0.323119266055046,0.395989467287827,0.719108733342873
1995,"NL","SDN",668,0.271717171717172,0.33400365630713,0.396767676767677,0.730771333074807
1995,"NL","SFN",652,0.252665459666063,0.323135409123823,0.403741701870851,0.726877110994674
1995,"NL","SLN",563,0.247332077840552,0.313903037162799,0.374346097509939,0.688249134672739
1996,"AL","BAL",949,0.273686060819125,0.350201176106469,0.471963438214097,0.822164614320566
1996,"AL","BOS",928,0.283356497567755,0.359336609336609,0.456567060458652,0.815903669795261
1996,"AL","CAL",762,0.276292648610623,0.338964143426295,0.431058740766796,0.770022884193091
1996,"AL","CHA",898,0.281006378454996,0.36034777208508,0.446669029057406,0.807016801142486
1996,"AL","CLE",952,0.293082203837353,0.368722876627402,0.475268438655166,0.843991315282569
1996,"AL","DET",783,0.255515370705244,0.323041923951901,0.420253164556962,0.743295088508863
1996,"AL","KCA",746,0.266510285095633,0.332467953918546,0.398412125586431,0.730880079504977
1996,"AL","MIN",877,0.287854750572889,0.35659400972244,0.425348140313767,0.781942150036207
1996,"AL","ML4",894,0.278700105969622,0.352950383471592,0.440833627693395,0.793784011164986
1996,"AL","NYA",871,0.288024164889837,0.359956064647733,0.436389481165601,0.796345545813333
1996,"AL","OAK",861,0.265008880994671,0.34396104915973,0.452220248667851,0.796181297827581
1996,"AL","SEA",993,0.286697247706422,0.366249420491423,0.483592095977417,0.84984151646884
1996,"AL","TEX",928,0.284461592423711,0.357938718662953,0.468607506138197,0.82654622480115
1996,"AL","TOR",766,0.259153420253617,0.331149112993447,0.420432220039293,0.75158133303274
1996,"NL","ATL",773,0.269682935518347,0.332904677704549,0.431955824723905,0.764860502428454
1996,"NL","CHN",772,0.250949195443862,0.319974038617556,0.401012475140119,0.720986513757676
1996,"NL","CIN",778,0.256278643446379,0.331488114620645,0.421998166819432,0.753486281440076
1996,"NL","COL",961,0.287477638640429,0.354503279475284,0.472450805008945,0.826954084484228
1996,"NL","FLO",688,0.257002546380502,0.328564461063242,0.393415787559112,0.721980248622354
1996,"NL","HOU",753,0.262345679012346,0.335913562328657,0.397058823529412,0.732972385858068
1996,"NL","LAN",703,0.252076561935717,0.316478481426935,0.384073672806067,0.700552154233002
1996,"NL","MON",741,0.261762034514078,0.326875718272862,0.406176203451408,0.733051921724269
1996,"NL","NYN",746,0.269668921324315,0.324328722538649,0.412424350302599,0.736753072841248
1996,"NL","PHI",650,0.255501000181851,0.32466895537028,0.386979450809238,0.711648406179518
1996,"NL","PIT",776,0.266372462488967,0.328703703703704,0.407413945278023,0.736117648981727
1996,"NL","SDN",771,0.265075154730327,0.338156653035546,0.401945181255526,0.740101834291072
1996,"NL","SFN",752,0.253027290800651,0.330661965058503,0.387854690041569,0.718516655100072
1996,"NL","SLN",759,0.266812068338786,0.329610773526031,0.406579425663395,0.736190199189426
1997,"AL","ANA",829,0.272032693674485,0.345517567354656,0.416311300639659,0.761828867994315
1997,"AL","BAL",812,0.268266475644699,0.341436288528758,0.428724928366762,0.77016121689552
1997,"AL","BOS",851,0.291299083203598,0.352161023560618,0.462895692786715,0.815056716347333
1997,"AL","CHA",779,0.272810052813695,0.341296928327645,0.416681843015844,0.757978771343489
1997,"AL","CLE",868,0.285997120230382,0.358363955903499,0.466882649388049,0.825246605291548
1997,"AL","DET",784,0.258164568509396,0.331762794476036,0.41507024265645,0.746833037132485
1997,"AL","KCA",747,0.263975709948205,0.333279948750801,0.406858367565637,0.740138316316437
1997,"AL","MIN",772,0.270145544905928,0.332586068855084,0.408768193113241,0.741354261968325
1997,"AL","ML4",681,0.25991917707568,0.325231481481481,0.398236590742101,0.723468072223583
1997,"AL","NYA",891,0.286514886164623,0.361774218389034,0.436077057793345,0.797851276182379
1997,"AL","OAK",764,0.259617105027733,0.338924050632911,0.422615852567543,0.761539903200455
1997,"AL","SEA",925,0.280370502315639,0.354843799305775,0.484503028143926,0.839346827449701
1997,"AL","TEX",807,0.273756857193417,0.333654000320667,0.437621659883207,0.771275660203874
1997,"AL","TOR",654,0.243559291065229,0.309504200296492,0.389365978439613,0.698870178736104
1997,"NL","ATL",791,0.269536903039074,0.34339380317868,0.425832127351664,0.769225930530345
1997,"NL","CHN",687,0.263071597740936,0.320858283433134,0.395700491892877,0.71655877532601
1997,"NL","CIN",651,0.2527352297593,0.320717459272667,0.389314369073669,0.710031828346336
1997,"NL","COL",923,0.287524540424772,0.357017403800096,0.477779760842406,0.834797164642502
1997,"NL","FLO",740,0.259238830667402,0.346339113680154,0.394557823129252,0.740896936809406
1997,"NL","HOU",777,0.259360232642675,0.343511450381679,0.403489640130862,0.747001090512541
1997,"NL","LAN",742,0.268398268398268,0.330387825233186,0.418109668109668,0.748497493342854
1997,"NL","MON",691,0.257509952949692,0.316223799306816,0.424538545059718,0.740762344366534
1997,"NL","NYN",777,0.262128892107169,0.331987075928918,0.404960173787111,0.736947249716028
1997,"NL","PHI",668,0.255373874701451,0.322042300066094,0.385449200808378,0.707491500874472
1997,"NL","PIT",725,0.261675449754679,0.328760411562959,0.403779756496456,0.732540168059416
1997,"NL","SDN",795,0.270814761989659,0.34221376466857,0.406846140131931,0.7490599048005
1997,"NL","SFN",784,0.257976298997265,0.337451861360719,0.414038286235187,0.751490147595906
1997,"NL","SLN",689,0.255068790731354,0.32406955956444,0.396089790007241,0.720159349571681
1998,"AL","ANA",787,0.271758436944938,0.335206293144967,0.415452930728242,0.750659223873209
1998,"AL","BAL",817,0.273135669362084,0.346805111821086,0.446900269541779,0.793705381362865
1998,"AL","BOS",876,0.279950008926977,0.347860791826309,0.462595965006249,0.810456756832558
1998,"AL","CHA",861,0.271441360787825,0.338673502082666,0.443509400179051,0.782182902261717
1998,"AL","CLE",850,0.272435897435897,0.346832650488497,0.448361823361823,0.79519447385032
1998,"AL","DET",722,0.263771186440678,0.323000321233537,0.415430790960452,0.738431112193989
1998,"AL","KCA",714,0.263072484673639,0.324438659290596,0.39938694554634,0.723825604836935
1998,"AL","MIN",734,0.265733026059209,0.328315182575272,0.3887608580039,0.717076040579172
1998,"AL","NYA",965,0.287967393230551,0.364160948222084,0.460393407761829,0.824554355983912
1998,"AL","OAK",804,0.257377049180328,0.337564267352185,0.397267759562842,0.734832026915027
1998,"AL","SEA",859,0.275941719971571,0.344619297408997,0.467661691542289,0.812280988951286
1998,"AL","TBA",620,0.261026102610261,0.321153531050303,0.384518451845185,0.705671982895488
1998,"AL","TEX",940,0.28861071932299,0.357075471698113,0.461565585331453,0.818641057029566
1998,"AL","TOR",816,0.265591397849462,0.339649681528662,0.447849462365591,0.787499143894254
1998,"NL","ARI",665,0.246403205244946,0.313951573052215,0.392824622108906,0.706776195161121
1998,"NL","ATL",826,0.271517140773158,0.341749470597817,0.452771699489424,0.794521170087241
1998,"NL","CHN",831,0.264471587891662,0.337337970281378,0.433351035581519,0.770689005862897
1998,"NL","CIN",750,0.262190684133916,0.336995153473344,0.401928675400291,0.738923828873635
1998,"NL","COL",826,0.291193181818182,0.347305389221557,0.460582386363636,0.807887775585193
1998,"NL","FLO",667,0.248470672903922,0.316875101510476,0.3727959697733,0.689671071283776
1998,"NL","HOU",874,0.279737635171069,0.355788814037287,0.435738344265201,0.791527158302488
1998,"NL","LAN",669,0.251694449532882,0.310275689223058,0.3872504121634,0.697526101386458
1998,"NL","MIL",707,0.259700415087529,0.330092367525523,0.396137881248872,0.726230248774395
1998,"NL","MON",644,0.248800295311923,0.310211622438697,0.393687707641196,0.703899330079893
1998,"NL","NYN",706,0.258620689655172,0.329820009729204,0.393829401088929,0.723649410818133
1998,"NL","PHI",713,0.263841908492078,0.326383319967923,0.394872707851166,0.721256027819089
1998,"NL","PIT",650,0.25395958492627,0.311453671473562,0.374476606590206,0.685930278063768
1998,"NL","SDN",749,0.253187613843352,0.330046872474543,0.40856102003643,0.738607892510973
1998,"NL","SFN",845,0.27363184079602,0.353271903795096,0.420575692963753,0.773847596758849
1998,"NL","SLN",810,0.258179867691758,0.340740740740741,0.440729483282675,0.781470224023415
1999,"AL","ANA",711,0.255551510738988,0.321510673234811,0.39497633782308,0.716487011057891
1999,"AL","BAL",851,0.278871740287387,0.353015075376884,0.44740109987582,0.800416175252705
1999,"AL","BOS",836,0.278006811256498,0.35040559885478,0.447571249327837,0.797976848182616
1999,"AL","CHA",777,0.276931254429483,0.336869173899068,0.428951098511694,0.765820272410762
1999,"AL","CLE",1009,0.289137380191693,0.373442068010463,0.466631167909123,0.840073235919586
1999,"AL","DET",747,0.261448640758986,0.325577557755776,0.442619959861339,0.768197517617115
1999,"AL","KCA",856,0.281650071123755,0.347666825927695,0.43296586059744,0.780632686525135
1999,"AL","MIN",686,0.263876251137398,0.327704918032787,0.383985441310282,0.711690359343069
1999,"AL","NYA",900,0.281609195402299,0.366124491710979,0.452765804597701,0.81889029630868
1999,"AL","OAK",893,0.259104910309839,0.354788314325887,0.446095307120855,0.800883621446742
1999,"AL","SEA",859,0.269023689877961,0.342952806122449,0.455132806891601,0.79808561301405
1999,"AL","TBA",772,0.274078052273541,0.342678628644665,0.411027568922306,0.753706197566971
1999,"AL","TEX",945,0.292514599185985,0.360931843223674,0.478676340470713,0.839608183694387
1999,"AL","TOR",883,0.280042538107054,0.352310361141776,0.457461892945764,0.80977225408754
1999,"NL","ARI",908,0.27677624602333,0.346553352219075,0.45864262990456,0.805195982123635
1999,"NL","ATL",840,0.265936433830131,0.341245818065955,0.435805351050458,0.777051169116413
1999,"NL","CHN",747,0.25738781466618,0.329367666232073,0.420102152499088,0.749469818731161
1999,"NL","CIN",865,0.27190653212958,0.340891073410496,0.451230306248894,0.79212137965939
1999,"NL","COL",906,0.287563407381494,0.347640164713335,0.471576001399335,0.819216166112671
1999,"NL","FLO",691,0.262638938687702,0.324530136098509,0.394944424524919,0.719474560623429
1999,"NL","HOU",823,0.266727438468551,0.354736675628657,0.420419325432999,0.775156001061656
1999,"NL","LAN",793,0.265852344171008,0.339399744572158,0.420334111729837,0.759733856301995
1999,"NL","MIL",815,0.273020422787531,0.352505515285219,0.426012182013615,0.778517697298834
1999,"NL","MON",718,0.264975715056665,0.32313260941099,0.427415002698327,0.750547612109318
1999,"NL","NYN",853,0.278715003589375,0.362697543420435,0.434493898061737,0.797191441482172
1999,"NL","PHI",841,0.27491961414791,0.35085497150095,0.430868167202572,0.781723138703522
1999,"NL","PIT",775,0.259144111192392,0.333550276602668,0.419166057059254,0.752716333661922
1999,"NL","SDN",710,0.252131998516871,0.332131147540984,0.39284390063033,0.724975048171314
1999,"NL","SFN",872,0.27089699802265,0.355761672692973,0.433938522380011,0.789700195072984
1999,"NL","SLN",809,0.26229802513465,0.338483593501115,0.425673249551167,0.764156843052282
2000,"AL","ANA",864,0.279673063255153,0.352355358836548,0.472459132906894,0.824814491743442
2000,"AL","BAL",794,0.271760677599568,0.340579710144928,0.435033339340422,0.775613049485349
2000,"AL","BOS",792,0.26696269982238,0.340546517137893,0.423445825932504,0.763992343070397
2000,"AL","CHA",978,0.286043216436415,0.355692017005196,0.47006730428622,0.825759321291416
2000,"AL","CLE",950,0.288404011965511,0.367022098593726,0.470174203765617,0.837196302359343
2000,"AL","DET",823,0.275159461374911,0.342648459828517,0.438164422395464,0.780812882223981
2000,"AL","KCA",879,0.287966368891224,0.347585989271063,0.425468558416535,0.773054547687599
2000,"AL","MIN",748,0.269991095280499,0.336742848010229,0.407301869991095,0.744044718001324
2000,"AL","NYA",871,0.27735781137509,0.354146806482364,0.44996400287977,0.804110809362134
2000,"AL","OAK",947,0.269964028776978,0.359506712457071,0.45773381294964,0.817240525406712
2000,"AL","SEA",907,0.269419683463707,0.361071932299013,0.441513552847007,0.80258548514602
2000,"AL","TBA",733,0.25685740236149,0.328729281767956,0.399091734786558,0.727821016554513
2000,"AL","TEX",848,0.283463172804533,0.351543942992874,0.446175637393768,0.797719580386642
2000,"AL","TOR",861,0.275145323234103,0.341114816579323,0.469261934120134,0.810376750699457
2000,"NL","ARI",792,0.265243350823231,0.333387279495064,0.429346842771847,0.762734122266911
2000,"NL","ATL",810,0.271451994898889,0.346477052359405,0.42867553288395,0.775152585243355
2000,"NL","CHN",764,0.255693024923794,0.334812935954344,0.411152949614488,0.745965885568832
2000,"NL","CIN",825,0.274179236912156,0.343255224825839,0.447027506654836,0.790282731480675
2000,"NL","COL",968,0.293992932862191,0.361712135465663,0.454593639575972,0.816305775041635
2000,"NL","FLO",731,0.26157197313487,0.331331168831169,0.408967144672354,0.740298313503523
2000,"NL","HOU",938,0.277737881508079,0.360576170346015,0.476660682226212,0.837236852572227
2000,"NL","LAN",798,0.256887429301222,0.340537944284342,0.430943258529465,0.771481202813807
2000,"NL","MIL",740,0.245550961711307,0.325282059431114,0.403379471508179,0.728661530939293
2000,"NL","MON",738,0.266485998193315,0.325979585116892,0.431616982836495,0.757596567953387
2000,"NL","NYN",807,0.263397739701057,0.346012466038037,0.43018592781626,0.776198393854297
2000,"NL","PHI",708,0.251497005988024,0.32903433822344,0.399564507348939,0.728598845572379
2000,"NL","PIT",793,0.266879319510898,0.33851030110935,0.423888002835371,0.762398303944722
2000,"NL","SDN",752,0.254136690647482,0.329707246840506,0.402338129496403,0.732045376336908
2000,"NL","SFN",925,0.27813009603189,0.361702127659574,0.472005798151839,0.833707925811414
2000,"NL","SLN",887,0.27035414384812,0.356120826709062,0.455458196422052,0.811579023131114
2001,"AL","ANA",691,0.260673752477031,0.326801619433198,0.404972077103225,0.731773696536423
2001,"AL","BAL",687,0.248355263157895,0.319044502617801,0.379568713450292,0.698613216068093
2001,"AL","BOS",772,0.266369313113292,0.334028223220013,0.43907225691347,0.773100480133483
2001,"AL","CHA",798,0.267752562225476,0.334319040578282,0.450768667642753,0.785087708221034
2001,"AL","CLE",897,0.278392857142857,0.349556119213697,0.457678571428571,0.807234690642268
2001,"AL","DET",724,0.259888026006863,0.320498115680813,0.409427487809283,0.729925603490096
2001,"AL","KCA",729,0.266347687400319,0.318078175895765,0.409356725146199,0.727434901041964
2001,"AL","MIN",771,0.272302158273381,0.336689946402469,0.433453237410072,0.770143183812541
2001,"AL","NYA",804,0.266810112963959,0.33387070772207,0.435000896539358,0.768871604261428
2001,"AL","OAK",884,0.263592320114839,0.345440251572327,0.438542975058317,0.783983226630644
2001,"AL","SEA",927,0.288204225352113,0.359943977591036,0.445422535211268,0.805366512802304
2001,"AL","TBA",672,0.258146270818248,0.31952467403862,0.387762490948588,0.707287164987208
2001,"AL","TEX",890,0.275461741424802,0.344020116297344,0.470712401055409,0.814732517352753
2001,"AL","TOR",767,0.262934840190712,0.32528,0.429630937665548,0.754910937665548
2001,"NL","ARI",818,0.267024128686327,0.340717131474104,0.441823056300268,0.782540187774372
2001,"NL","ATL",729,0.26045834849036,0.323587385019711,0.411967988359403,0.735555373379114
2001,"NL","CHN",777,0.2606363300037,0.336283185840708,0.429707732149464,0.765990917990172
2001,"NL","CIN",735,0.262224610424503,0.324398960363873,0.419129500268673,0.743528460632545
2001,"NL","COL",923,0.292267135325132,0.354087452471483,0.482952548330404,0.837040000801887
2001,"NL","FLO",742,0.263623240707326,0.326257348138472,0.422952002887044,0.749209351025516
2001,"NL","HOU",847,0.271345875542692,0.346977934122162,0.451338639652677,0.798316573774839
2001,"NL","LAN",758,0.25468778445294,0.322971204188482,0.425086473693792,0.748057677882274
2001,"NL","MIL",740,0.251093294460641,0.318592799605458,0.426020408163265,0.744613207768723
2001,"NL","MON",670,0.253021007622235,0.318517276081852,0.395984383714445,0.714501659796297
2001,"NL","NYN",642,0.249313061000183,0.322903014416776,0.386700860963546,0.709603875380322
2001,"NL","PHI",746,0.260323812988903,0.329161248374512,0.414044024013098,0.74320527238761
2001,"NL","PIT",657,0.246943312337903,0.312887548181666,0.393108558725454,0.70599610690712
2001,"NL","SDN",789,0.251550529004013,0.335733717394783,0.398941991973732,0.734675709368515
2001,"NL","SFN",799,0.266037063435495,0.34190190821637,0.460085531004989,0.801987439221359
2001,"NL","SLN",814,0.26954128440367,0.338529701345586,0.441100917431193,0.779630618776779
2002,"AL","ANA",851,0.282317717506164,0.340713603058299,0.432546671363156,0.773260274421455
2002,"AL","BAL",667,0.246403205244946,0.308619550858653,0.403023128756146,0.711642679614799
2002,"AL","BOS",859,0.276595744680851,0.345007923930269,0.444148936170213,0.789156860100482
2002,"AL","CHA",856,0.268084332969829,0.337554797856795,0.449472918938568,0.787027716795363
2002,"AL","CLE",739,0.248755301493638,0.321287128712871,0.411580306103633,0.732867434816504
2002,"AL","DET",575,0.24787273399926,0.3,0.379393266740659,0.679393266740659
2002,"AL","KCA",737,0.255645889792231,0.323109380071405,0.398193315266486,0.721302695337891
2002,"AL","MIN",768,0.27194553923325,0.332035053554041,0.436940164815478,0.768975218369519
2002,"AL","NYA",897,0.27495090162471,0.354422411079635,0.454740224959829,0.809162636039463
2002,"AL","OAK",800,0.260885210507377,0.339180354010525,0.431810003598417,0.770990357608941
2002,"AL","SEA",814,0.274914706410487,0.349786426198386,0.419105764050997,0.768892190249383
2002,"AL","TBA",673,0.253033547466096,0.313942151446214,0.389721627408994,0.703663778855207
2002,"AL","TEX",843,0.2687789248843,0.338319541693189,0.455322178711285,0.793641720404474
2002,"AL","TOR",813,0.261064325389715,0.327056172541445,0.429851281132414,0.756907453673859
2002,"NL","ARI",819,0.267066085693537,0.346018548129197,0.423202614379085,0.769221162508282
2002,"NL","ATL",708,0.259872611464968,0.331384015594542,0.409463148316651,0.740847163911193
2002,"NL","CHN",706,0.245815138282387,0.321219987021415,0.412663755458515,0.73388374247993
2002,"NL","CIN",709,0.253382084095064,0.330410780970937,0.408043875685558,0.738454656656494
2002,"NL","COL",778,0.273584905660377,0.337040065412919,0.422532656023222,0.759572721436141
2002,"NL","FLO",699,0.260735080058224,0.336881148201903,0.40302037845706,0.739901526658963
2002,"NL","HOU",749,0.261857168817009,0.337588881706529,0.417408686171179,0.754997567877708
2002,"NL","LAN",713,0.263593806265754,0.319953939792729,0.40925459128556,0.729208531078289
2002,"NL","MIL",627,0.252816251154201,0.320453031312458,0.390212373037858,0.710665404350316
2002,"NL","MON",735,0.261361562328892,0.334255942689678,0.417959481657237,0.752215424346914
2002,"NL","NYN",690,0.25636826783115,0.322304526748971,0.395014556040757,0.717319082789728
2002,"NL","PHI",710,0.258555133079848,0.339088729016787,0.421872170921601,0.760960899938387
2002,"NL","PIT",641,0.24390243902439,0.319344591205484,0.380675422138837,0.700020013344321
2002,"NL","SDN",662,0.252583862194016,0.32121310940812,0.381142339075249,0.702355448483369
2002,"NL","SFN",783,0.26650900491177,0.34446227929374,0.441877387666,0.78633966695974
2002,"NL","SLN",787,0.267938237965486,0.338147006328087,0.424523160762943,0.76267016709103
2003,"AL","ANA",736,0.268452706396938,0.330367441094085,0.41279387643521,0.743161317529295
2003,"AL","BAL",743,0.267608120035304,0.323263327948304,0.405472197705207,0.728735525653511
2003,"AL","BOS",961,0.288958224995666,0.359667998770366,0.490899635985439,0.850567634755805
2003,"AL","CHA",791,0.263349735739019,0.331203931203931,0.445780936759614,0.776984867963545
2003,"AL","CLE",699,0.253589375448672,0.316072300928188,0.401112706389088,0.717185007317276
2003,"AL","DET",591,0.240029271862422,0.300083263946711,0.375045737285035,0.675129001231746
2003,"AL","KCA",836,0.274066091954023,0.336301813471503,0.427083333333333,0.763385146804836
2003,"AL","MIN",801,0.27709991158267,0.340974212034384,0.431476569407604,0.772450781441988
2003,"AL","NYA",877,0.270829616413916,0.356440281030445,0.453166815343443,0.809607096373888
2003,"AL","OAK",768,0.254320538475532,0.326520681265207,0.416772785155539,0.743293466420746
2003,"AL","SEA",795,0.271354073008452,0.343900096061479,0.410357849307678,0.754257945369158
2003,"AL","TBA",715,0.26547576936682,0.319902912621359,0.404315528829148,0.724218441450507
2003,"AL","TEX",826,0.265889830508475,0.33003668846706,0.453566384180791,0.783603072647851
2003,"AL","TOR",894,0.279102632043809,0.348811585077916,0.454513336866278,0.803324921944194
2003,"NL","ARI",717,0.263375224416517,0.329622458857696,0.416517055655296,0.746139514512992
2003,"NL","ATL",907,0.283597883597884,0.348804055124347,0.475485008818342,0.824289063942689
2003,"NL","CHN",724,0.259286102554811,0.32307188472245,0.416198586700489,0.739270471422939
2003,"NL","CIN",694,0.244872027591214,0.317708333333333,0.394990016336903,0.712698349670237
2003,"NL","COL",853,0.266763320043494,0.344146458969006,0.445451250453063,0.789597709422069
2003,"NL","FLO",751,0.26575591985428,0.332787153858758,0.420765027322404,0.753552181181162
2003,"NL","HOU",805,0.262582840766613,0.336155935452948,0.431130216729357,0.767286152182305
2003,"NL","LAN",574,0.243312568706486,0.302933780385583,0.368266764382558,0.67120054476814
2003,"NL","MIL",714,0.25648882480173,0.328875281985176,0.419069935111752,0.747945217096928
2003,"NL","MON",711,0.258230641898106,0.326108537392455,0.400956409784808,0.727064947177263
2003,"NL","NYN",642,0.246583036884479,0.31371226176421,0.374274480434376,0.687986742198585
2003,"NL","PHI",791,0.261230380660292,0.342611738508032,0.419447952372362,0.762059690880394
2003,"NL","PIT",753,0.267335602938541,0.338091419406576,0.420354775129905,0.758446194536481
2003,"NL","SDN",678,0.260712348580727,0.33317191283293,0.388175736756464,0.721347649589393
2003,"NL","SFN",755,0.263929618768328,0.338283289817232,0.425036656891496,0.763319946708728
2003,"NL","SLN",876,0.278561354019746,0.350054867534096,0.453808180535966,0.803863048070062
2004,"AL","ANA",836,0.282466960352423,0.340759737137362,0.429074889867841,0.769834627005203
2004,"AL","BAL",842,0.281380753138075,0.344508851637161,0.431659693165969,0.776168544803131
2004,"AL","BOS",949,0.281993006993007,0.359987697985545,0.472377622377622,0.832365320363168
2004,"AL","CHA",865,0.267618359233827,0.332844574780059,0.456993133357427,0.789837708137485
2004,"AL","CLE",858,0.275722339675828,0.351296469853171,0.443974630021142,0.795271099874312
2004,"AL","DET",827,0.272274586519651,0.336701957009945,0.449226391605904,0.78592834861585
2004,"AL","KCA",720,0.258577103647526,0.322100441681662,0.397435897435897,0.719536339117559
2004,"AL","MIN",780,0.265694469144585,0.331891025641026,0.431264449582074,0.763155475223099
2004,"AL","NYA",897,0.268319160484892,0.352931879247669,0.457752849647187,0.810684728894855
2004,"AL","OAK",793,0.269727653631285,0.343176872862916,0.432611731843575,0.775788604706491
2004,"AL","SEA",698,0.269835721775603,0.330905636478784,0.396364907375044,0.727270543853828
2004,"AL","TBA",714,0.258252781324093,0.319973610423883,0.40507021703447,0.725043827458353
2004,"AL","TEX",860,0.265716829919858,0.329375902454677,0.456634016028495,0.786009918483172
2004,"AL","TOR",719,0.25998915205207,0.32840669157057,0.403362863858253,0.731769555428823
2004,"NL","ARI",615,0.252705627705628,0.309889384183589,0.392676767676768,0.702566151860357
2004,"NL","ATL",803,0.26983842010772,0.343071519795658,0.433572710951526,0.776644230747184
2004,"NL","CHN",789,0.267945984363895,0.328067064323714,0.458244491826581,0.786311556150296
2004,"NL","CIN",750,0.250090612540776,0.331030049815202,0.417723812975716,0.748753862790917
2004,"NL","COL",833,0.274520351443428,0.345253367543297,0.45472476241707,0.799978129960367
2004,"NL","FLO",718,0.263762304046664,0.329442709189545,0.406489245351805,0.735931954541349
2004,"NL","HOU",803,0.266642282370154,0.341759844433641,0.436174103877103,0.777933948310744
2004,"NL","LAN",761,0.261638397690365,0.33165991902834,0.423132443161314,0.754792362189654
2004,"NL","MIL",634,0.247674630676637,0.320665470559452,0.387014408170709,0.707679878730161
2004,"NL","MON",635,0.248629886737304,0.313348790990394,0.391669711362806,0.7050185023532
2004,"NL","NYN",684,0.248734634851772,0.317478416680241,0.408532176428055,0.726010593108296
2004,"NL","PHI",840,0.266702108807372,0.345431789737171,0.442849548112706,0.788281337849877
2004,"NL","PIT",680,0.26044136421667,0.32112676056338,0.401057815064746,0.722184575628126
2004,"NL","SDN",768,0.272923021711825,0.342277591439067,0.413780728512471,0.756058319951538
2004,"NL","SFN",850,0.270465200144248,0.357232507059931,0.437973314100252,0.795205821160183
2004,"NL","SLN",855,0.277947794779478,0.34431233933162,0.45958595859586,0.803898297927479
2005,"AL","BAL",729,0.268780399927941,0.327042993107975,0.433975860205368,0.761018853313344
2005,"AL","BOS",910,0.280661215783861,0.356706839881046,0.454496978314966,0.811203818196012
2005,"AL","CHA",741,0.262253572074516,0.322390019697965,0.424850786760716,0.747240806458681
2005,"AL","CLE",790,0.271349616687467,0.334459459459459,0.452843644143341,0.787303103602801
2005,"AL","DET",723,0.271510174937522,0.321457888688229,0.428061406640486,0.749519295328714
2005,"AL","KCA",701,0.262584045066327,0.319867549668874,0.396147555878612,0.716015105547486
2005,"AL","LAA",761,0.27027027027027,0.325134386707933,0.408783783783784,0.733918170491717
2005,"AL","MIN",688,0.258986340762042,0.322764227642276,0.391085549964055,0.713849777606331
2005,"AL","NYA",886,0.275960170697013,0.354712247138153,0.449857752489331,0.804569999627484
2005,"AL","OAK",772,0.262306735382975,0.330083120204604,0.407144126532788,0.737227246737392
2005,"AL","SEA",699,0.255674595968767,0.317266424562562,0.391320138006174,0.708586562568736
2005,"AL","TBA",750,0.273595100864553,0.328731097961867,0.424891930835735,0.753623028797602
2005,"AL","TEX",865,0.267319804058782,0.329200445080273,0.468334499650105,0.797534944730378
2005,"AL","TOR",775,0.265185450636087,0.330811332904057,0.407274681956639,0.738086014860695
2005,"NL","ARI",696,0.255675675675676,0.332480818414322,0.421081081081081,0.753561899495403
2005,"NL","ATL",769,0.264855997083485,0.332515136638848,0.435107546481954,0.767622683120802
2005,"NL","CHN",703,0.269699140401146,0.324302134646962,0.440007163323782,0.764309297970744
2005,"NL","CIN",820,0.261096136567835,0.338696829695715,0.446361185983828,0.785058015679542
2005,"NL","COL",740,0.266510285095633,0.333387542689868,0.410501623962468,0.743889166652337
2005,"NL","FLO",717,0.272446383133406,0.338933289838526,0.40948745910578,0.748420748944305
2005,"NL","HOU",693,0.256316367630904,0.322436849925706,0.407909190772611,0.730346040698317
2005,"NL","LAN",685,0.252898950855881,0.326308857425091,0.395177618258789,0.721486475683879
2005,"NL","MIL",726,0.259361233480176,0.3311986863711,0.422723935389134,0.753922621760234
2005,"NL","NYN",722,0.258128973660309,0.32170478854698,0.415803814713896,0.737508603260877
2005,"NL","PHI",807,0.26957776975821,0.348400445646984,0.423493323709852,0.771893769356836
2005,"NL","PIT",680,0.259285842454692,0.322465531224655,0.400143549255338,0.722609080479994
2005,"NL","SDN",684,0.257360959651036,0.333118244878206,0.391312250090876,0.724430494969082
2005,"NL","SFN",649,0.261259611863786,0.318576678917474,0.395825704870011,0.714402383787485
2005,"NL","SLN",805,0.269772481040087,0.338790727832712,0.423076923076923,0.761867650909635
2005,"NL","WAS",639,0.251935127165499,0.321764997521071,0.38573534832289,0.707500345843961
2006,"AL","BAL",768,0.277361853832442,0.339303000968054,0.423529411764706,0.76283241273276
2006,"AL","BOS",820,0.268731090941449,0.350537969748947,0.435130806193273,0.78566877594222
2006,"AL","CHA",868,0.28036061516705,0.342046541281479,0.464026869365388,0.806073410646867
2006,"AL","CLE",870,0.280476953194519,0.348533163265306,0.457198789820253,0.805731953085559
2006,"AL","DET",822,0.274370790499823,0.328782707622298,0.448599787309465,0.777382494931763
2006,"AL","KCA",757,0.271068169618894,0.33246963562753,0.410806942207908,0.743276577835439
2006,"AL","LAA",766,0.27438045997504,0.333925686591276,0.424852914958103,0.758778601549379
2006,"AL","MIN",801,0.287040342734738,0.346619331934807,0.424848268475544,0.771467600410352
2006,"AL","NYA",930,0.284551406830649,0.362716087836786,0.461334277119094,0.824050364955879
2006,"AL","OAK",771,0.259818181818182,0.340313299232737,0.411636363636364,0.7519496628691
2006,"AL","SEA",756,0.271604938271605,0.32502024291498,0.424338624338624,0.749358867253604
2006,"AL","TBA",689,0.254841066861527,0.313572023313905,0.419802703690172,0.733374727004077
2006,"AL","TEX",835,0.277610885315427,0.338343460185481,0.445838487365259,0.78418194755074
2006,"AL","TOR",809,0.284310221586848,0.348273092369478,0.462830593280915,0.811103685650393
2006,"NL","ARI",773,0.266784765279008,0.331312809060456,0.423914968999114,0.75522777805957
2006,"NL","ATL",849,0.270463908293032,0.336502820306205,0.45495253447967,0.791455354785875
2006,"NL","CHN",716,0.267764453194917,0.319036621577037,0.421872203329157,0.740908824906194
2006,"NL","CIN",749,0.257298277425204,0.336010279473177,0.4324569356301,0.768467215103277
2006,"NL","COL",813,0.270406328658756,0.341201027617213,0.432937792161093,0.774138819778306
2006,"NL","FLO",758,0.264267539076699,0.331152902698283,0.434932751726645,0.766085654424928
2006,"NL","HOU",735,0.254845136750589,0.331726907630522,0.408983879731933,0.740710787362455
2006,"NL","LAN",820,0.275764036958067,0.348293299620733,0.432480454868515,0.780773754489248
2006,"NL","MIL",730,0.257684520522731,0.326853377265239,0.41984170808025,0.746695085345489
2006,"NL","NYN",834,0.264303706369198,0.334406179594464,0.445124145376035,0.779530324970499
2006,"NL","PHI",865,0.266924564796905,0.347024178549287,0.446984350272551,0.794008528821838
2006,"NL","PIT",691,0.263044260525369,0.326563769293258,0.396725440806045,0.723289210099303
2006,"NL","SDN",731,0.262733142037303,0.332262726834752,0.416427546628407,0.748690273463159
2006,"NL","SFN",746,0.259137426900585,0.324471598414795,0.421783625730994,0.746255224145789
2006,"NL","SLN",781,0.268743208982253,0.337341566460838,0.431365447301702,0.768707013762541
2006,"NL","WAS",746,0.261510464058235,0.338327694538424,0.417652411282985,0.755980105821409
2007,"AL","BAL",756,0.271532587462262,0.333493975903614,0.41218256082401,0.745676536727624
2007,"AL","BOS",867,0.279298622293791,0.361788617886179,0.443907675791734,0.805696293677913
2007,"AL","CHA",693,0.246462047417754,0.317656765676568,0.404337437970961,0.721994203647529
2007,"AL","CLE",811,0.268379728765168,0.343281225327649,0.427730192719486,0.771011418047135
2007,"AL","DET",887,0.286955011290603,0.344598862918509,0.457703665103352,0.802302528021862
2007,"AL","KCA",706,0.261474521142031,0.322072810757625,0.3876039031442,0.709676713901825
2007,"AL","LAA",822,0.284119553474973,0.344631852092118,0.417176809506662,0.76180866159878
2007,"AL","MIN",718,0.264396957624049,0.329688265056308,0.390981528431728,0.720669793488036
2007,"AL","NYA",968,0.289662410355081,0.365556583410422,0.463354906419451,0.828911489829873
2007,"AL","OAK",741,0.256410256410256,0.337693034982666,0.40702886856733,0.744721903549996
2007,"AL","SEA",794,0.286593947923997,0.336842105263158,0.425052779732583,0.761894884995741
2007,"AL","TBA",782,0.268192383336313,0.336056383149127,0.433398891471482,0.769455274620609
2007,"AL","TEX",816,0.262826282628263,0.327972709551657,0.426102610261026,0.754075319812683
2007,"AL","TOR",753,0.259031791907514,0.326735885788449,0.419255780346821,0.74599166613527
2007,"NL","ARI",712,0.250092626898851,0.320760959470637,0.412930715079659,0.733691674550296
2007,"NL","ATL",810,0.274564949903322,0.339452445007121,0.434522763227281,0.773975208234402
2007,"NL","CHN",752,0.271132376395534,0.332797427652733,0.421584263689527,0.75438169134226
2007,"NL","CIN",783,0.266809345461031,0.335411670663469,0.436418762261459,0.771830432924928
2007,"NL","COL",860,0.279564224213671,0.354014029618083,0.437357230715164,0.791371260333247
2007,"NL","FLO",790,0.267282743913275,0.3359375,0.448373911498134,0.784311411498134
2007,"NL","HOU",723,0.259946476360393,0.329598207139427,0.412310437109723,0.74190864424915
2007,"NL","LAN",735,0.275026718916993,0.336923324224401,0.40559315995725,0.742516484181651
2007,"NL","MIL",801,0.261973352538711,0.328909032049207,0.455887648541592,0.784796680590798
2007,"NL","NYN",804,0.275289919714541,0.342483242898181,0.432114183764496,0.774597426662677
2007,"NL","PHI",892,0.273909985935302,0.353732035234121,0.457981715893108,0.81171375112723
2007,"NL","PIT",724,0.262704255701203,0.324504387390315,0.411384449631891,0.735888837022206
2007,"NL","SDN",741,0.250890947968639,0.321622484829128,0.410727013542409,0.732349498371537
2007,"NL","SFN",683,0.254062838569881,0.321887713588283,0.386601661249549,0.708489374837832
2007,"NL","SLN",725,0.273648037619823,0.337457268435618,0.405317417254476,0.742774685690094
2007,"NL","WAS",673,0.256340579710145,0.324535679374389,0.390398550724638,0.714934230099027
2008,"AL","BAL",782,0.267314265155604,0.333387253316079,0.42885411045152,0.762241363767599
2008,"AL","BOS",845,0.279664045746962,0.357860056479448,0.447283774124375,0.805143830603822
2008,"AL","CHA",811,0.262560777957861,0.33225858455586,0.447505852692238,0.779764437248099
2008,"AL","CLE",805,0.262493234710446,0.338609112709832,0.424138553130074,0.762747665839906
2008,"AL","DET",821,0.271051232051055,0.340422155213458,0.443892926786031,0.784315081999489
2008,"AL","KCA",691,0.268723252496434,0.320243181071311,0.396932952924394,0.717176133995705
2008,"AL","LAA",765,0.268231046931408,0.329740323370897,0.412815884476534,0.742556207847431
2008,"AL","MIN",829,0.2786739939727,0.340395030264415,0.407906399574543,0.748301429838959
2008,"AL","NYA",789,0.271356783919598,0.341631866366849,0.427315147164393,0.768947013531242
2008,"AL","OAK",646,0.241790497156485,0.317616240995416,0.368556228215006,0.686172469210422
2008,"AL","SEA",671,0.265461633882687,0.318078175895765,0.388977494240652,0.707055670136418
2008,"AL","TBA",774,0.26042230644288,0.339907746142834,0.422486915719184,0.762394661862019
2008,"AL","TEX",901,0.282646648044693,0.353571428571429,0.462115921787709,0.815687350359138
2008,"AL","TOR",714,0.264037797564965,0.331161426942499,0.399418499000545,0.730579925943044
2008,"NL","ARI",720,0.250508411906082,0.32703679369251,0.414864115363283,0.741900909055793
2008,"NL","ATL",753,0.270164168451106,0.345188948872658,0.407922912205567,0.753111861078225
2008,"NL","CHN",855,0.277738010021475,0.354169963601836,0.442913385826772,0.797083349428607
2008,"NL","CIN",704,0.247209515096066,0.320634401569653,0.407868252516011,0.728502654085664
2008,"NL","COL",747,0.263091596184992,0.335744133719061,0.415332013676444,0.751076147395506
2008,"NL","FLO",770,0.254046190216403,0.326295273672243,0.432624113475177,0.75891938714742
2008,"NL","HOU",712,0.262704090992478,0.322542966794594,0.414786277747202,0.737329244541796
2008,"NL","LAN",700,0.264257173992009,0.332952691680261,0.398656011623683,0.731608703303944
2008,"NL","MIL",750,0.252574525745257,0.325480071002098,0.431074977416441,0.756555048418539
2008,"NL","NYN",799,0.265965037459864,0.340408680500554,0.420442383160899,0.760851063661453
2008,"NL","PHI",799,0.255400254129606,0.332150919058368,0.437829007079325,0.769979926137693
2008,"NL","PIT",735,0.258351101634684,0.319864777849324,0.40316275764037,0.723027535489693
2008,"NL","SDN",637,0.249640804597701,0.317057396928052,0.389727011494253,0.706784408422305
2008,"NL","SFN",640,0.261952011546094,0.320683423689831,0.382283961753563,0.702967385443394
2008,"NL","SLN",779,0.281227821149752,0.349896809017304,0.433286018452803,0.783182827470108
2008,"NL","WAS",641,0.25059187761792,0.322617493472585,0.372973957384811,0.695591450857396
2009,"AL","BAL",741,0.268422926308295,0.331832797427653,0.415272338910644,0.747105136338297
2009,"AL","BOS",872,0.269709543568465,0.351731772892614,0.453905827169403,0.805637600062017
2009,"AL","CHA",724,0.258099945085118,0.32896031485733,0.411495515284642,0.740455830141972
2009,"AL","CLE",773,0.263649425287356,0.339277185161598,0.416846264367816,0.756123449529415
2009,"AL","DET",743,0.260469314079422,0.330744336569579,0.416425992779783,0.747170329349363
2009,"AL","KCA",686,0.258857556037599,0.318489196767277,0.40527838033261,0.723767577099887
2009,"AL","LAA",883,0.285307719672714,0.350047908016608,0.44147990039132,0.791527808407928
2009,"AL","MIN",817,0.274429386590585,0.344559173947577,0.429029957203994,0.773589131151572
2009,"AL","NYA",915,0.28339222614841,0.36175187032419,0.47756183745583,0.83931370778002
2009,"AL","OAK",759,0.262177650429799,0.328399034593725,0.397206303724928,0.725605338318653
2009,"AL","SEA",640,0.257983041674184,0.313686643552914,0.401948403391665,0.715635046944579
2009,"AL","TBA",803,0.262541193701941,0.342852533075186,0.439399487367265,0.78225202044245
2009,"AL","TEX",784,0.259862468331524,0.319585934932632,0.444806369887803,0.764392304820435
2009,"AL","TOR",798,0.266151685393258,0.33275481224361,0.440308988764045,0.773063801007655
2009,"NL","ARI",720,0.253009883198562,0.324428709365948,0.417610062893082,0.74203877225903
2009,"NL","ATL",735,0.263404946741289,0.338621794871795,0.40548835529879,0.744110150170585
2009,"NL","CHN",707,0.254830477579293,0.331607056157954,0.406853809697412,0.738460865855366
2009,"NL","CIN",673,0.24697912852435,0.317562017414161,0.394177956792384,0.711739974206545
2009,"NL","COL",804,0.260837347165617,0.343065693430657,0.440533530937384,0.783599224368041
2009,"NL","FLO",772,0.26794687724336,0.340275552707466,0.41564967695621,0.755925229663675
2009,"NL","HOU",643,0.260301692420898,0.319156061620898,0.400110375275938,0.719266436896836
2009,"NL","LAN",780,0.270207439198855,0.345861084681256,0.411659513590844,0.7575205982721
2009,"NL","MIL",785,0.262613430127042,0.341134979159987,0.426134301270417,0.767269280430405
2009,"NL","NYN",671,0.269943150559325,0.335090609555189,0.394278378874014,0.729368988429204
2009,"NL","PHI",820,0.257977769809968,0.334076078306541,0.44693438508426,0.781010463390801
2009,"NL","PIT",636,0.251799889237585,0.318272757585862,0.386930035074765,0.705202792660627
2009,"NL","SDN",638,0.242396313364055,0.320773263433814,0.380645161290323,0.701418424724136
2009,"NL","SFN",657,0.256872383032951,0.309348914858097,0.389222647005279,0.698571561863376
2009,"NL","SLN",730,0.262763037511436,0.332130556011153,0.415004574565416,0.747135130576569
2009,"NL","WAS",710,0.257782632441289,0.336501288659794,0.406153286000364,0.742654574660158
2010,"AL","BAL",613,0.259272596326972,0.31561625802205,0.386208138278718,0.701824396300768
2010,"AL","BOS",818,0.267623095997166,0.339076825798293,0.450938717676231,0.790015543474524
2010,"AL","CHA",752,0.267505470459519,0.331740276862228,0.419948942377826,0.751689219240054
2010,"AL","CLE",646,0.248223072717332,0.3215859030837,0.378348824494259,0.69993472757796
2010,"AL","DET",751,0.268474215842637,0.335193749003349,0.415204678362573,0.750398427365922
2010,"AL","KCA",676,0.273733047822984,0.331007626156093,0.399357601713062,0.730365227869155
2010,"AL","LAA",681,0.248360058309038,0.311269237133874,0.39030612244898,0.701575359582854
2010,"AL","MIN",781,0.273168103448276,0.340730020903682,0.421515804597701,0.762245825501383
2010,"AL","NYA",859,0.266750493982396,0.349826662464545,0.435961918447997,0.785788580912542
2010,"AL","OAK",663,0.256240822320117,0.324386629342994,0.377936857562408,0.702323486905402
2010,"AL","SEA",513,0.235533370308745,0.29796536068606,0.339434276206323,0.637399636892383
2010,"AL","TBA",802,0.246920389777533,0.33285140562249,0.403015260158117,0.735866665780607
2010,"AL","TEX",787,0.276131322094055,0.338190552441954,0.418811002661934,0.757001555103888
2010,"AL","TOR",755,0.248225659690628,0.312138728323699,0.454231119199272,0.766369847522971
2010,"NL","ARI",713,0.249588890919057,0.324649951155975,0.415676959619952,0.740326910775928
2010,"NL","ATL",738,0.258282994691561,0.338994015849911,0.400878638110928,0.739872653960839
2010,"NL","CHN",685,0.256531204644412,0.319624938312222,0.401487663280116,0.721112601592338
2010,"NL","CIN",790,0.271554041943001,0.338478855121402,0.435920415845134,0.774399270966536
2010,"NL","COL",770,0.262567811934901,0.335641810275407,0.424773960216998,0.760415770492405
2010,"NL","FLO",719,0.253661182426324,0.321015790330457,0.402639667329597,0.723655457660054
2010,"NL","HOU",611,0.247248716067498,0.30291786135942,0.362068965517241,0.664986826876661
2010,"NL","LAN",667,0.252119424990785,0.321552436003303,0.37891632878732,0.700468764790623
2010,"NL","MIL",750,0.262397431323582,0.334716017868539,0.423831608990367,0.758547626858906
2010,"NL","NYN",656,0.24903934126258,0.314497528830313,0.382616651418115,0.697114180248428
2010,"NL","PHI",772,0.259989249238488,0.331999359692652,0.413366780146927,0.74536613983958
2010,"NL","PIT",587,0.24192350538433,0.30414201183432,0.373375417749721,0.677517429584041
2010,"NL","SDN",665,0.246227456753773,0.317402768622281,0.371365476628635,0.688768245250915
2010,"NL","SFN",697,0.257106413994169,0.321134190570392,0.408345481049563,0.729479671619955
2010,"NL","SLN",736,0.26272103933598,0.331605378260165,0.401840490797546,0.733445869057711
2010,"NL","WAS",655,0.250092284976006,0.318181818181818,0.390180878552972,0.70836269673479
2011,"AL","BAL",708,0.256759176365264,0.316046966731898,0.412891674127126,0.728938640859024
2011,"AL","BOS",875,0.280210157618214,0.348778960551033,0.46077057793345,0.809549538484483
2011,"AL","CHA",654,0.252090149036714,0.318650728672016,0.387677208287895,0.706327936959911
2011,"AL","CLE",704,0.250499183154838,0.31729667812142,0.396442185514612,0.713738863636033
2011,"AL","DET",787,0.27682904907424,0.339750849377123,0.43357900413446,0.773329853511583
2011,"AL","KCA",730,0.275035260930889,0.32866344605475,0.415021156558533,0.743684602613284
2011,"AL","LAA",667,0.252856883729367,0.312520702219278,0.401959005985852,0.71447970820513
2011,"AL","MIN",619,0.247311827956989,0.306228084822174,0.359941680335338,0.666169765157512
2011,"AL","NYA",867,0.263138818412468,0.343381180223286,0.444182674882204,0.787563855105489
2011,"AL","OAK",645,0.243947175348496,0.311305207646671,0.368672046955246,0.679977254601917
2011,"AL","SEA",556,0.232982844493636,0.292382878328278,0.348090758162701,0.640473636490978
2011,"AL","TBA",707,0.243561442236939,0.321831561733442,0.402317880794702,0.724149442528144
2011,"AL","TEX",855,0.282558755963951,0.339601414336226,0.459975260646757,0.799576674982984
2011,"AL","TOR",743,0.248965641302393,0.316717915520311,0.412844036697248,0.729561952217558
2011,"NL","ARI",731,0.250322818668142,0.322361892160106,0.413207895222284,0.73556978738239
2011,"NL","ATL",641,0.243306801736614,0.308210180623974,0.38712011577424,0.695330296398214
2011,"NL","CHN",654,0.256442602270679,0.314271588661833,0.400792935664084,0.715064524325916
2011,"NL","CIN",735,0.25623663578047,0.32576,0.407875980042765,0.733635980042765
2011,"NL","COL",735,0.257756132756133,0.329193548387097,0.40981240981241,0.739005958199507
2011,"NL","FLO",625,0.246550472040668,0.31759726517988,0.388344226579521,0.7059414917594
2011,"NL","HOU",615,0.257591997141836,0.310588622163762,0.373704894605216,0.684293516768978
2011,"NL","LAN",644,0.256622516556291,0.321819993357688,0.375091979396615,0.696911972754304
2011,"NL","MIL",721,0.261061134569488,0.324983410749834,0.425004589682394,0.749988000432228
2011,"NL","NYN",718,0.26375,0.334768740031898,0.390714285714286,0.725483025746184
2011,"NL","PHI",713,0.252554221186593,0.322601416613007,0.394694389675569,0.717295806288576
2011,"NL","PIT",610,0.244419848736395,0.308617234468938,0.367644346061612,0.67626158053055
2011,"NL","SDN",593,0.237031567288167,0.304839514385498,0.348532398006277,0.653371912391775
2011,"NL","SFN",570,0.241888443310244,0.303035329241997,0.36820998906307,0.671245318305067
2011,"NL","SLN",762,0.273499638467101,0.340857421240663,0.424981923355025,0.765839344595688
2011,"NL","WAS",624,0.242418673038044,0.308588548601864,0.382650248116155,0.691238796718019
2012,"AL","BAL",712,0.247302158273381,0.311274509803922,0.417086330935252,0.728360840739173
2012,"AL","BOS",734,0.260349750178444,0.315068493150685,0.414882226980728,0.729950720131413
2012,"AL","CHA",748,0.255346139905763,0.318256578947368,0.421891989851395,0.740148568798764
2012,"AL","CLE",667,0.250678733031674,0.32356749757203,0.381357466063348,0.704924963635378
2012,"AL","DET",726,0.267896274653031,0.334538878842676,0.422388604821037,0.756927483663714
2012,"AL","KCA",676,0.26472675656494,0.316511513963743,0.399929027679205,0.716440541642948
2012,"AL","LAA",767,0.274205202312139,0.331631812942533,0.432803468208093,0.764435281150625
2012,"AL","MIN",701,0.260338007910823,0.324805699481865,0.390327220424308,0.715132919906173
2012,"AL","NYA",804,0.264663287472846,0.336935483870968,0.453113685734975,0.790049169605942
2012,"AL","OAK",713,0.237922923828478,0.310266406757635,0.403654785597974,0.713921192355608
2012,"AL","SEA",619,0.233891518019658,0.295601659751037,0.368947943210775,0.664549602961813
2012,"AL","TBA",697,0.239533160429789,0.316691382435327,0.394220081511671,0.710911463946998
2012,"AL","TEX",808,0.27298747763864,0.333603107801878,0.445974955277281,0.779578063079158
2012,"AL","TOR",716,0.245307089484235,0.309240924092409,0.406597412064881,0.71583833615729
2012,"NL","ARI",734,0.259245697546686,0.327911943486118,0.418161845477847,0.746073788963965
2012,"NL","ATL",700,0.247188940092166,0.319828722002635,0.389124423963134,0.708953145965769
2012,"NL","CHN",613,0.239696913694326,0.301603375527426,0.377933838477176,0.679537214004602
2012,"NL","CIN",669,0.251415008216177,0.315292949354518,0.410626255249224,0.725919204603742
2012,"NL","COL",758,0.273623812085351,0.329727958046542,0.436435359512283,0.766163317558825
2012,"NL","HOU",583,0.235990382837063,0.301611278952669,0.371370445718513,0.672981724671182
2012,"NL","LAN",637,0.251746965796249,0.316525212181727,0.373666789260758,0.690192001442485
2012,"NL","MIA",609,0.244068420084605,0.30787191460974,0.382012139047269,0.689884053657009
2012,"NL","MIL",776,0.259492531941695,0.32498373454782,0.436566492711895,0.761550227259715
2012,"NL","NYN",650,0.248990825688073,0.315684647302905,0.385688073394495,0.7013727206974
2012,"NL","PHI",684,0.255050505050505,0.31655737704918,0.399531024531025,0.716088401580205
2012,"NL","PIT",651,0.242609016999261,0.303763440860215,0.395048041389505,0.69881148224972
2012,"NL","SDN",651,0.246956842493545,0.319391634980989,0.379933603836223,0.699325238817211
2012,"NL","SFN",718,0.268981648074847,0.327352797259827,0.396725440806045,0.724078238065872
2012,"NL","SLN",765,0.271433653504091,0.337541953012626,0.42102454642476,0.758566499437386
2012,"NL","WAS",731,0.261442564559216,0.322152001296386,0.427604630454141,0.749756631750527
2013,"AL","BAL",745,0.259786476868327,0.312571521987903,0.430960854092527,0.743532376080429
2013,"AL","BOS",853,0.27711909396567,0.349228832231665,0.446115731728898,0.795344563960563
2013,"AL","CHA",598,0.248966385044041,0.30217965653897,0.378213194319612,0.680392850858581
2013,"AL","CLE",745,0.254528819762123,0.326703619171829,0.409881061299177,0.736584680471006
2013,"AL","DET",796,0.283347863993025,0.345972309628697,0.43435047951177,0.780322789140467
2013,"AL","HOU",610,0.239508887667216,0.298844801607233,0.375481033534909,0.674325835142142
2013,"AL","KCA",648,0.260046855289241,0.31494632535095,0.378626779599928,0.693573104950878
2013,"AL","LAA",733,0.264137437365784,0.328941025228989,0.41445955619184,0.743400581420829
2013,"AL","MIN",614,0.241912293314162,0.312408995308203,0.379942487419123,0.692351482727325
2013,"AL","NYA",650,0.242429803633694,0.306924101198402,0.375848779592586,0.682772880790988
2013,"AL","OAK",767,0.254120630320594,0.326599870717518,0.418764716536859,0.745364587254377
2013,"AL","SEA",624,0.237135660309464,0.305564594858445,0.389528607412738,0.695093202271183
2013,"AL","TBA",700,0.256590827013362,0.329044708909617,0.407728421812929,0.736773130722546
2013,"AL","TEX",730,0.26230975828111,0.323252032520325,0.411996418979409,0.735248451499734
2013,"AL","TOR",712,0.252483294202637,0.317818063040993,0.410691710312444,0.728509773353436
2013,"NL","ARI",685,0.258632840028189,0.323196943161917,0.391472868217054,0.714669811378971
2013,"NL","ATL",688,0.248851314096673,0.321258027334102,0.40176438154751,0.723022408881611
2013,"NL","CHN",602,0.237722808293925,0.30046403712297,0.392142597308112,0.692606634431082
2013,"NL","CIN",698,0.249136206583015,0.327263938124396,0.39079832696854,0.718062265092935
2013,"NL","COL",706,0.269869619574924,0.322654838179727,0.418467583497053,0.74112242167678
2013,"NL","LAN",649,0.263522127117101,0.326086956521739,0.396284829721362,0.722371786243101
2013,"NL","MIA",513,0.230684529271426,0.292637933925876,0.334556799412736,0.627194733338613
2013,"NL","MIL",640,0.252283522104494,0.310506096542509,0.397515527950311,0.708021624492819
2013,"NL","NYN",619,0.23709300233855,0.305654858628534,0.366073034718475,0.671727893347009
2013,"NL","PHI",610,0.248350439882698,0.306362262884002,0.383797653958944,0.690159916842946
2013,"NL","PIT",634,0.245351804593511,0.313405797101449,0.395916879329202,0.709322676430651
2013,"NL","SDN",618,0.244516947616458,0.307742998352554,0.377922784121805,0.685665782474359
2013,"NL","SFN",629,0.260446685878963,0.320222877745002,0.381304034582133,0.701526912327134
2013,"NL","SLN",783,0.268850098974267,0.331760494630654,0.401475616339752,0.733236110970406
2013,"NL","WAS",656,0.251103752759382,0.312594079277471,0.397534952170714,0.710129031448185
2014,"AL","BAL",705,0.256254467476769,0.31123872026251,0.422265904217298,0.733504624479808
2014,"AL","BOS",634,0.244100162132949,0.315501127940703,0.368582237434696,0.684083365375399
2014,"AL","CHA",660,0.252570810030669,0.309838230439089,0.398340248962656,0.708178479401744
2014,"AL","CLE",669,0.253094170403587,0.317179902755267,0.388699551569507,0.705879454324774
2014,"AL","DET",757,0.276554174067496,0.330851408222726,0.426110124333925,0.756961532556651
2014,"AL","HOU",629,0.241784468514779,0.309464611304492,0.382595924362034,0.692060535666526
2014,"AL","KCA",651,0.262578899909829,0.313526970954357,0.376014427412083,0.68954139836644
2014,"AL","LAA",773,0.259023354564756,0.322147651006711,0.406050955414013,0.728198606420724
2014,"AL","MIN",715,0.253637506736124,0.32361469072165,0.389078498293515,0.712693189015165
2014,"AL","NYA",633,0.245406585410224,0.306840713813615,0.380025468437329,0.686866182250945
2014,"AL","OAK",729,0.244183949504058,0.319620761690503,0.380703336339044,0.700324098029547
2014,"AL","SEA",634,0.243669724770642,0.3003367003367,0.375596330275229,0.67593303061193
2014,"AL","TBA",612,0.246736765772299,0.317104836092178,0.366751269035533,0.683856105127711
2014,"AL","TEX",637,0.256410256410256,0.313889353167307,0.375274725274725,0.689164078442033
2014,"AL","TOR",723,0.258605154081817,0.322570123939987,0.413768246530906,0.736338370470893
2014,"NL","ARI",615,0.248378962536023,0.301874274340687,0.375720461095101,0.677594735435788
2014,"NL","ATL",573,0.24067300658376,0.304658901830283,0.360095098756401,0.664754000586684
2014,"NL","CHN",614,0.238743645606391,0.299586435070306,0.384531590413943,0.684118025484249
2014,"NL","CIN",595,0.237627432808156,0.296490930666215,0.364967562557924,0.661458493224139
2014,"NL","COL",755,0.276372059871703,0.326945126945127,0.44511760513186,0.772062732076987
2014,"NL","LAN",718,0.265467625899281,0.332524664402394,0.405755395683453,0.738280060085847
2014,"NL","MIA",645,0.252618273745034,0.316538524456077,0.377573131094258,0.694111655550335
2014,"NL","MIL",650,0.250091541559868,0.310592160133445,0.397107286708166,0.70769944684161
2014,"NL","NYN",629,0.238669590643275,0.308248439040421,0.364400584795322,0.672649023835742
2014,"NL","PHI",619,0.242013207210423,0.302052785923754,0.363376762448688,0.665429548372442
2014,"NL","PIT",682,0.259393063583815,0.329713081536716,0.404443641618497,0.734156723155213
2014,"NL","SDN",535,0.226482810729127,0.292065663474692,0.341896486588591,0.633962150063283
2014,"NL","SFN",665,0.254752851711027,0.310658722277392,0.388194821654898,0.698853543932289
2014,"NL","SLN",619,0.252672318466642,0.320159415476586,0.36914854404718,0.689307959523766
2014,"NL","WAS",686,0.253157704799711,0.320987654320988,0.392998917358354,0.713986571679342
2015,"AL","BAL",713,0.249772105742935,0.307216839291681,0.420601640838651,0.727818480130331
2015,"AL","BOS",748,0.265070921985816,0.32533032549146,0.414539007092199,0.739869332583659
2015,"AL","CHA",622,0.249593348996928,0.306342109620798,0.380083137538406,0.686425247159204
2015,"AL","CLE",669,0.256480970766685,0.324533905296156,0.400625114910829,0.725159020206985
2015,"AL","DET",689,0.270294380017841,0.327737940026076,0.420160570918822,0.747898510944898
2015,"AL","HOU",729,0.249679428466752,0.31518861681006,0.436526836416926,0.751715453226986
2015,"AL","KCA",724,0.268520179372197,0.321769154883262,0.41219730941704,0.733966464300302
2015,"AL","LAA",661,0.24570795643345,0.306554621848739,0.395791028244416,0.702345650093155
2015,"AL","MIN",696,0.246753246753247,0.305328211124102,0.399122004755808,0.70445021587991
2015,"AL","NYA",764,0.250943057301958,0.322859890990702,0.42087300161667,0.743732892607372
2015,"AL","OAK",694,0.250892857142857,0.312042905899561,0.395,0.707042905899561
2015,"AL","SEA",656,0.248737373737374,0.31068439192516,0.411075036075036,0.721759428000196
2015,"AL","TBA",644,0.252142206016408,0.314441506939855,0.405834092980857,0.720275599920712
2015,"AL","TEX",751,0.25748502994012,0.3251953125,0.413355107965886,0.738550420465886
2015,"AL","TOR",891,0.268651297876203,0.339628732849072,0.457070248683972,0.796698981533044
2015,"NL","ARI",720,0.264471587891662,0.323807994862739,0.414409630023013,0.738217624885752
2015,"NL","ATL",573,0.251107011070111,0.314448541736507,0.359409594095941,0.673858135832448
2015,"NL","CHN",689,0.244217810963395,0.321388033079293,0.398105991622655,0.719494024701948
2015,"NL","CIN",640,0.248070364387004,0.312245893641243,0.393825166038413,0.706071059679656
2015,"NL","COL",737,0.265434314429289,0.315248050439688,0.432340272792534,0.747588323232222
2015,"NL","LAN",667,0.249953574744661,0.326101358065585,0.412627669452182,0.738729027517767
2015,"NL","MIA",613,0.259930441149552,0.309954368767957,0.383671975105254,0.69362634387321
2015,"NL","MIL",655,0.251459854014599,0.306854365677895,0.393248175182482,0.700102540860377
2015,"NL","NYN",683,0.244436403111996,0.311856091578087,0.40003618599602,0.711892277574106
2015,"NL","PHI",626,0.248507867607162,0.302550425070845,0.381624163501537,0.684174588572382
2015,"NL","PIT",697,0.259634167998579,0.323368691738991,0.395666844255017,0.719035535994007
2015,"NL","SDN",650,0.242624152464724,0.300083822296731,0.384826827927433,0.684910650224164
2015,"NL","SFN",696,0.267026055705301,0.326129666011788,0.406109613656783,0.732239279668571
2015,"NL","SLN",647,0.2527352297593,0.321088881600525,0.394420131291028,0.715509012891553
2015,"NL","WAS",703,0.251105379513633,0.321016166281755,0.402542372881356,0.723558539163111
2016,"AL","BAL",744,0.255792903692976,0.317028985507246,0.443338160753077,0.760367146260324
2016,"AL","BOS",878,0.281834215167548,0.34843923308509,0.461199294532628,0.809638527617717
2016,"AL","CHA",686,0.257297297297297,0.317273025237627,0.40990990990991,0.727182935147537
2016,"AL","CLE",777,0.261670313639679,0.329033311561071,0.429613420860686,0.758646732421757
2016,"AL","DET",750,0.267100977198697,0.330932896890344,0.438110749185668,0.769043646076012
2016,"AL","HOU",724,0.246528403967538,0.318601262748907,0.416591523895401,0.735192786644308
2016,"AL","KCA",675,0.261167146974063,0.31215699318144,0.400036023054755,0.712193016236195
2016,"AL","LAA",717,0.259620696004419,0.321892702432522,0.404529552568588,0.72642225500111
2016,"AL","MIN",722,0.250800996796013,0.316178835638469,0.421324314702741,0.73750315034121
2016,"AL","NYA",680,0.252473433492122,0.314575033200531,0.405276658116526,0.719851691317057
2016,"AL","OAK",653,0.245818181818182,0.304043934098852,0.394727272727273,0.698771206826124
2016,"AL","SEA",768,0.259000537345513,0.326346339890358,0.429876410531972,0.75622275042233
2016,"AL","TBA",672,0.243203794927933,0.307117969138875,0.42565225323846,0.732770222377335
2016,"AL","TEX",765,0.261719457013575,0.321528578487893,0.433303167420814,0.754831745908708
2016,"AL","TOR",759,0.247855448074466,0.329519819529488,0.425807629129403,0.755327448658891
2016,"NL","ARI",752,0.26107678729038,0.32046332046332,0.431774051191527,0.752237371654847
2016,"NL","ATL",649,0.254624591947769,0.320711604374082,0.384294523032281,0.705006127406363
2016,"NL","CHN",808,0.25604215882246,0.343452002542912,0.428675268035617,0.772127270578529
2016,"NL","CIN",716,0.255695279752141,0.315990057995029,0.40787315472936,0.723863212724389
2016,"NL","COL",845,0.275026718916993,0.336137172436105,0.457427858924118,0.793565031360223
2016,"NL","LAN",725,0.24936571221457,0.319419533670308,0.409025009061254,0.728444542731562
2016,"NL","MIA",655,0.263205336217775,0.322214919487348,0.394267171444024,0.716482090931372
2016,"NL","MIL",671,0.243714821763602,0.322231473771857,0.406754221388368,0.728985695160224
2016,"NL","NYN",671,0.245832570067778,0.316005922026649,0.416559809488917,0.732565731515566
2016,"NL","PHI",610,0.240154582259845,0.300538176925664,0.384431358115569,0.684969535041233
2016,"NL","PIT",729,0.257307831107903,0.332475884244373,0.401660050523277,0.73413593476765
2016,"NL","SDN",686,0.235283262594575,0.298892988929889,0.390293412068647,0.689186400998537
2016,"NL","SFN",715,0.25822102425876,0.329477911646586,0.398023360287511,0.727501271934098
2016,"NL","SLN",779,0.255046863734679,0.325141471301536,0.442141312184571,0.767282783486107
2016,"NL","WAS",763,0.255555555555556,0.325532260685844,0.425865209471767,0.751397470157611
2017,"AL","BAL",743,0.26,0.311796377875673,0.435044247787611,0.746840625663284
2017,"AL","BOS",785,0.257717410478038,0.329435929846737,0.406597283471512,0.736033213318249
2017,"AL","CHA",706,0.256121893705786,0.313631080856716,0.417195719209142,0.730826800065858
2017,"AL","CLE",818,0.262928688078389,0.338647342995169,0.449283251678461,0.78793059467363
2017,"AL","DET",735,0.258279337652988,0.324209840338873,0.423866090712743,0.748075931051616
2017,"AL","HOU",896,0.281767955801105,0.345544712845945,0.477811441810729,0.823356154656674
2017,"AL","KCA",702,0.259393063583815,0.31141810918775,0.419617052023121,0.731035161210871
2017,"AL","LAA",710,0.242659279778393,0.314998348199537,0.397229916897507,0.712228265097044
2017,"AL","MIN",815,0.259852438366025,0.334081796311147,0.433687241317257,0.767769037628404
2017,"AL","NYA",858,0.261530210940293,0.338546603475513,0.446549874865928,0.785096478341441
2017,"AL","OAK",739,0.24597364568082,0.319371727748691,0.435761346998536,0.755133074747227
2017,"AL","SEA",750,0.258692127544587,0.325312957242725,0.423527292379751,0.748840249622476
2017,"AL","TBA",694,0.244614822928076,0.316682990532158,0.42241694048923,0.739099931021388
2017,"AL","TEX",799,0.244198895027624,0.320150968165409,0.429834254143646,0.749985222309055
2017,"AL","TOR",693,0.240043644298963,0.312224579729068,0.41189307146754,0.724117651196608
2017,"NL","ARI",812,0.254298642533937,0.329398447606727,0.444705882352941,0.774104329959668
2017,"NL","ATL",732,0.262714899713467,0.326023391812865,0.412428366762178,0.738451758575043
2017,"NL","CHN",822,0.25509461426492,0.33793324775353,0.437227074235808,0.775160321989338
2017,"NL","CIN",753,0.25346462436178,0.328898263832549,0.432530999270605,0.761429263103155
2017,"NL","COL",824,0.272858691723889,0.337732160312805,0.443621250451753,0.781353410764558
2017,"NL","LAN",770,0.249075443786982,0.334469881474265,0.436760355029586,0.771230236503851
2017,"NL","MIA",778,0.267225990717601,0.330858618463525,0.430560514102106,0.761419132565631
2017,"NL","MIL",732,0.249314066215475,0.322172985393074,0.429120175599049,0.751293160992123
2017,"NL","NYN",735,0.2502722323049,0.320397847709115,0.434301270417423,0.754699118126537
2017,"NL","PHI",690,0.249683830171635,0.314626963350785,0.408852755194219,0.723479718545004
2017,"NL","PIT",668,0.243862220593624,0.31806991629739,0.385672407475266,0.703742323772656
2017,"NL","SDN",604,0.233569828230022,0.298881735005083,0.393390589992532,0.692272324997615
2017,"NL","SFN",639,0.248964150603495,0.308712741565673,0.380471987029364,0.689184728595037
2017,"NL","SLN",761,0.256307129798903,0.333765392093325,0.425959780621572,0.759725172714897
2017,"NL","WAS",819,0.265982351881866,0.3321989953006,0.449306681073294,0.781505676373893
2018,"AL","BAL",622,0.239150172507717,0.298289320710845,0.390956963864173,0.689246284575018
2018,"AL","BOS",876,0.268362084296639,0.338840349483717,0.453494575849191,0.792334925332908
2018,"AL","CHA",656,0.241173275393808,0.301521667217995,0.401412275936991,0.702933943154986
2018,"AL","CLE",818,0.258623771224307,0.331739199744939,0.434316353887399,0.766055553632338
2018,"AL","DET",630,0.241354204586822,0.300299301629531,0.37950491445213,0.679804216081661
2018,"AL","HOU",797,0.254905556574363,0.329196603527106,0.425270493306437,0.754467096833543
2018,"AL","KCA",638,0.245231607629428,0.30534856764365,0.391643960036331,0.69699252767998
2018,"AL","LAA",721,0.241776315789474,0.313217448343719,0.413011695906433,0.726229144250152
2018,"AL","MIN",738,0.249547593195802,0.317848410757946,0.40499457111835,0.722842981876296
2018,"AL","NYA",851,0.249138712601995,0.329180642069957,0.451495920217588,0.780676562287545
2018,"AL","OAK",813,0.252195734002509,0.325332053128501,0.439146800501882,0.764478853630383
2018,"AL","SEA",677,0.254307999274442,0.314172447968285,0.408126247052422,0.722298695020707
2018,"AL","TBA",716,0.258447488584475,0.333441453130068,0.406392694063927,0.739834147193995
2018,"AL","TEX",737,0.2398679625894,0.318270799347471,0.40418118466899,0.722451984016461
2018,"AL","TOR",709,0.243929158298338,0.311810245429089,0.427058608727406,0.738868854156495
2018,"NL","ARI",693,0.234981684981685,0.309792381886546,0.397435897435897,0.707228279322443
2018,"NL","ATL",759,0.25671802221426,0.324089003547243,0.417413113579362,0.741502117126605
2018,"NL","CHN",761,0.258357041251778,0.333175205566097,0.410384068278805,0.743559273844903
2018,"NL","CIN",696,0.253796095444685,0.32757228234534,0.401482284887925,0.729054567233265
2018,"NL","COL",780,0.255910485471936,0.322033898305085,0.435300487276665,0.75733438558175
2018,"NL","LAN",804,0.250179468772434,0.332647570818167,0.441672648959081,0.774320219777249
2018,"NL","MIA",589,0.237427113702624,0.302794774268232,0.356596209912536,0.659390984180769
2018,"NL","MIL",754,0.252255503428365,0.32259630948527,0.424395525081198,0.746991834566468
2018,"NL","NYN",676,0.234455010972933,0.312408521710847,0.388624725676664,0.701033247387511
2018,"NL","PHI",677,0.234328908554572,0.314159292035398,0.392699115044248,0.706858407079646
2018,"NL","PIT",692,0.253534055443363,0.317307692307692,0.407196621993758,0.72450431430145
2018,"NL","SDN",617,0.234961720743711,0.297310756972112,0.380058330295297,0.677369087267409
2018,"NL","SFN",603,0.238946038621188,0.299506578947368,0.367803645551345,0.667310224498713
2018,"NL","SLN",759,0.248999636231357,0.320923427085027,0.409239723535831,0.730163150620858
2018,"NL","WAS",771,0.254123617908283,0.334880742756523,0.41852456044952,0.753405303206043
2019,"AL","BAL",729,0.246426018584703,0.310087577035355,0.41458184417441,0.724669421209766
2019,"AL","BOS",901,0.269324090121317,0.339841933984193,0.465857885615251,0.805699819599445
2019,"AL","CHA",708,0.26098752034726,0.314238134887594,0.413998914812805,0.728237049700399
2019,"AL","CLE",769,0.249585253456221,0.323307034845496,0.432258064516129,0.755565099361625
2019,"AL","DET",582,0.240223463687151,0.293864013266998,0.388178050099117,0.682042063366115
2019,"AL","HOU",920,0.274006769998218,0.352452593637361,0.495456974879743,0.847909568517104
2019,"AL","KCA",691,0.246724890829694,0.309102924169833,0.400836972343523,0.709939896513356
2019,"AL","LAA",769,0.246842295200289,0.324033990700657,0.421869361241429,0.745903351942086
2019,"AL","MIN",939,0.269888346127006,0.337513716883524,0.494068387997209,0.831582104880733
2019,"AL","NYA",943,0.267418950385098,0.338626884825152,0.489879992835393,0.828506877660546
2019,"AL","OAK",845,0.248876101420608,0.327211753433408,0.448300665347959,0.775512418781367
2019,"AL","SEA",758,0.237272727272727,0.31554261685266,0.424,0.73954261685266
2019,"AL","TBA",769,0.253553660270078,0.325314640751952,0.431236673773987,0.756551314525939
2019,"AL","TEX",810,0.248014440433213,0.319320937752627,0.43086642599278,0.750187363745407
2019,"AL","TOR",726,0.236482796286182,0.305020576131687,0.428181321682141,0.733201897813828
2019,"NL","ARI",813,0.251908396946565,0.32293490370842,0.434404402627374,0.757339306335794
2019,"NL","ATL",855,0.257553956834532,0.336467963021996,0.452158273381295,0.788626236403291
2019,"NL","CHN",814,0.252334737227614,0.331278390655419,0.451931880607947,0.783210271263366
2019,"NL","CIN",701,0.243669724770642,0.314808707124011,0.421651376146789,0.736460083270799
2019,"NL","COL",835,0.265371024734982,0.326222935044106,0.45565371024735,0.781876645291456
2019,"NL","LAN",886,0.257418532677954,0.337616447157083,0.472055343164027,0.80967179032111
2019,"NL","MIA",615,0.240566037735849,0.298353567270913,0.374637155297533,0.672990722568446
2019,"NL","MIL",769,0.24648141465175,0.329087724884572,0.438289426199928,0.7673771510845
2019,"NL","NYN",791,0.256934566145092,0.328329607154264,0.441856330014225,0.770185937168488
2019,"NL","PHI",774,0.245736851552684,0.319408740359897,0.426673846706157,0.746082587066054
2019,"NL","PIT",758,0.264627894643804,0.321249393105681,0.420187378469153,0.741436771574834
2019,"NL","SDN",682,0.237618252643294,0.307640862731985,0.409942496753849,0.717583359485834
2019,"NL","SFN",678,0.238752464599391,0.302147738366417,0.391647248610862,0.693794986977279
2019,"NL","SLN",764,0.245182602312351,0.322122448979592,0.4147550009176,0.736877449897191
2019,"NL","WAS",873,0.264876632801161,0.341694806238945,0.454462989840348,0.796157796079293
2020,"AL","BAL",274,0.258144126357354,0.320610687022901,0.429417571569595,0.750028258592496
2020,"AL","BOS",292,0.265002400384061,0.330434782608696,0.445031204992799,0.775465987601494
2020,"AL","CHA",306,0.260869565217391,0.325673884224481,0.453346360527601,0.779020244752082
2020,"AL","CLE",248,0.227667177131189,0.316800714924039,0.372128637059724,0.688929351983764
2020,"AL","DET",249,0.244585314315901,0.303424987940183,0.396724775488642,0.700149763428826
2020,"AL","HOU",279,0.23995983935743,0.312162162162162,0.407630522088353,0.719792684250516
2020,"AL","KCA",248,0.243963782696177,0.308500914076782,0.402414486921529,0.710915400998312
2020,"AL","LAA",294,0.248019801980198,0.332319721980886,0.43019801980198,0.762517741782866
2020,"AL","MIN",269,0.241610738255034,0.315327793167128,0.427465152297367,0.742792945464495
2020,"AL","NYA",315,0.246997389033943,0.341640235613956,0.446997389033943,0.788637624647898
2020,"AL","OAK",274,0.225366876310273,0.321509777171442,0.39622641509434,0.717736192265781
2020,"AL","SEA",254,0.225505443234837,0.308539944903581,0.36962156557802,0.678161510481601
2020,"AL","TBA",289,0.237974683544304,0.32787610619469,0.424810126582278,0.752686232776969
2020,"AL","TEX",224,0.216942148760331,0.284848484848485,0.363636363636364,0.648484848484848
2020,"AL","TOR",302,0.255066732575383,0.324600355239787,0.440929312901631,0.765529668141418
2020,"NL","ARI",269,0.241362043064597,0.312472060795709,0.391086629944917,0.703558690740626
2020,"NL","ATL",348,0.26808100289296,0.349125053350405,0.482642237222758,0.831767290573163
2020,"NL","CHN",265,0.220020855057351,0.317811934900542,0.386861313868613,0.704673248769156
2020,"NL","CIN",243,0.211726384364821,0.312116925978312,0.402823018458198,0.71493994443651
2020,"NL","COL",275,0.25668449197861,0.311081441922563,0.40495867768595,0.716040119608514
2020,"NL","LAN",349,0.256121449559256,0.33780276816609,0.482859941234084,0.820662709400174
2020,"NL","MIA",263,0.243927648578811,0.318518518518519,0.384496124031008,0.703014642549526
2020,"NL","MIL",247,0.2234375,0.313357731015554,0.3890625,0.702420231015554
2020,"NL","NYN",286,0.272367770637667,0.34811237928007,0.459218981710331,0.807331360990401
2020,"NL","PHI",306,0.256673511293634,0.34176072234763,0.439425051334702,0.781185773682332
2020,"NL","PIT",219,0.219979296066253,0.283764705882353,0.357142857142857,0.64090756302521
2020,"NL","SDN",325,0.256592292089249,0.33273219116321,0.46551724137931,0.79824943254252
2020,"NL","SFN",299,0.263496780584448,0.334516415261757,0.450718177315503,0.78523459257726
2020,"NL","SLN",240,0.234018264840183,0.323030907278166,0.371004566210046,0.694035473488211
2020,"NL","WAS",293,0.263719512195122,0.335743334839584,0.433434959349593,0.769178294189178
2021,"AL","BAL",659,0.239114391143911,0.303670186023127,0.401660516605166,0.705330702628293
2021,"AL","BOS",829,0.260964513193813,0.32847790507365,0.448953594176524,0.777431499250174
2021,"AL","CHA",796,0.25630016800448,0.336138613861386,0.422251260033601,0.758389873894987
2021,"AL","CLE",717,0.237996999249812,0.303483432455395,0.406976744186047,0.710460176641442
2021,"AL","DET",697,0.241629464285714,0.30755033557047,0.399181547619048,0.706731883189517
2021,"AL","HOU",863,0.267477203647416,0.339012738853503,0.444484176649383,0.783496915502886
2021,"AL","KCA",686,0.248571955039617,0.306465155331654,0.395614519992629,0.702079675324284
2021,"AL","LAA",723,0.244804119919073,0.309774436090226,0.406842008460548,0.716616444550774
2021,"AL","MIN",729,0.241392008838151,0.314106789716546,0.423494752347634,0.73760154206418
2021,"AL","NYA",711,0.237478897017445,0.322367333443544,0.40686550365785,0.729232837101395
2021,"AL","OAK",743,0.237998146431881,0.316576310169213,0.405931417979611,0.722507728148824
2021,"AL","SEA",697,0.225770308123249,0.302767589196399,0.384873949579832,0.687641538776231
2021,"AL","TBA",857,0.242600326856728,0.321192586623691,0.428908661703287,0.750101248326977
2021,"AL","TEX",625,0.232007400555042,0.294415387211068,0.375208140610546,0.669623527821614
2021,"AL","TOR",846,0.265704894083272,0.330472103004292,0.466033601168736,0.796505704173028
2021,"NL","ARI",679,0.236290763344872,0.309102815979044,0.3824011659683,0.691503981947344
2021,"NL","ATL",790,0.243706880477345,0.319329126536035,0.435017713966064,0.754346840502098
2021,"NL","CHN",705,0.236524689031285,0.311804384485666,0.407463249151904,0.71926763363757
2021,"NL","CIN",786,0.249308500829799,0.328109696376102,0.431311082426701,0.759420778802803
2021,"NL","COL",739,0.248976553777447,0.316663869776808,0.414402679568292,0.7310665493451
2021,"NL","LAN",830,0.244260789715335,0.329788947961978,0.429017447199265,0.758806395161244
2021,"NL","MIA",623,0.232610321615557,0.298489733582216,0.37210172026926,0.670591453851476
2021,"NL","MIL",738,0.233308466989929,0.317081205732169,0.396120850428944,0.713202056161114
2021,"NL","NYN",636,0.238579654510557,0.314668498797664,0.390595009596929,0.705263508394593
2021,"NL","PHI",734,0.240029817368617,0.317715231788079,0.408497950055908,0.726213181843987
2021,"NL","PIT",609,0.236319340329835,0.309023693496891,0.364130434782609,0.6731541282795
2021,"NL","SDN",729,0.242384843982169,0.321211123909824,0.401188707280832,0.722399831190656
2021,"NL","SFN",804,0.24899304284145,0.329002923026957,0.44013181984621,0.769134742873167
2021,"NL","SLN",706,0.24350588675014,0.313307601946635,0.411511866940759,0.724819468887394
2021,"NL","WAS",724,0.257753017641597,0.336736374114935,0.417084493964717,0.753820868079652
2022,"AL","BAL",674,0.235955056179775,0.30509036644006,0.390311291213852,0.695401657653911
2022,"AL","BOS",735,0.257627730637299,0.321044045676998,0.409460191370283,0.730504237047282
2022,"AL","CHA",686,0.2557476385671,0.310463402652694,0.387096774193548,0.697560176846242
2022,"AL","CLE",698,0.25368837711407,0.316072300928188,0.382511694854264,0.698583995782452
2022,"AL","DET",557,0.230568984752696,0.286348122866894,0.345667534399405,0.632015657266299
2022,"AL","HOU",737,0.247920133111481,0.319423745653254,0.423923091144389,0.743346836797643
2022,"AL","KCA",640,0.244068420084605,0.30639505760561,0.379621114585249,0.68601617219086
2022,"AL","LAA",623,0.233265720081136,0.29709292555873,0.390189931772082,0.687282857330812
2022,"AL","MIN",696,0.247626004382761,0.317273025237627,0.400840029218408,0.718113054456035
2022,"AL","NYA",807,0.241239395057174,0.324719648951731,0.426226484691996,0.750946133643726
2022,"AL","OAK",568,0.215844937899887,0.280698749785922,0.345690628528416,0.626389378314338
2022,"AL","SEA",690,0.229953488372093,0.314660114660115,0.389581395348837,0.704241510008952
2022,"AL","TBA",666,0.23909830007391,0.3085,0.377124907612713,0.685624907612713
2022,"AL","TEX",707,0.238773274917853,0.30088054494102,0.39539978094195,0.69628032588297
2022,"AL","TOR",775,0.263546354635464,0.328666775191275,0.431143114311431,0.759809889502706
2022,"NL","ARI",702,0.230237338815175,0.304238985313752,0.385161652027658,0.68940063734141
2022,"NL","ATL",789,0.253040479215829,0.317382009537905,0.443456162642948,0.760838172180853
2022,"NL","CHN",657,0.238341013824885,0.311302048909451,0.386543778801843,0.697845827711295
2022,"NL","CIN",648,0.234944237918216,0.303508477421521,0.372304832713755,0.675813310135275
2022,"NL","COL",698,0.254151624548736,0.315392189038398,0.397653429602888,0.713045618641287
2022,"NL","LAN",847,0.256605139341296,0.333386735020827,0.441730003619254,0.775116738640081
2022,"NL","MIA",586,0.230027803521779,0.294256358430184,0.363484708063021,0.657741066493205
2022,"NL","MIL",725,0.234631714971386,0.315496645393553,0.408528705925789,0.724025351319342
2022,"NL","NYN",772,0.259063581708872,0.332087733549959,0.411914738568045,0.744002472118005
2022,"NL","PHI",747,0.253275109170306,0.3166392092257,0.422125181950509,0.73876439117621
2022,"NL","PIT",591,0.222472331645095,0.291192940777193,0.363721628212343,0.654914568989536
2022,"NL","SDN",705,0.240855888807608,0.317893710385178,0.381675201170446,0.699568911555624
2022,"NL","SFN",716,0.233864985163205,0.315333006054656,0.389651335311573,0.704984341366228
2022,"NL","SLN",772,0.252183406113537,0.325267944137707,0.420123726346434,0.745391670484141
2022,"NL","WAS",603,0.24861980125138,0.310229365477984,0.377438351122562,0.687667716600546
2023,"AL","BAL",807,0.25459508644222,0.32070831283817,0.420928116469518,0.741636429307688
2023,"AL","BOS",772,0.258360302049622,0.324016899577511,0.42430780294858,0.74832470252609
2023,"AL","CHA",641,0.237774950009089,0.291491861050512,0.383748409380113,0.675240270430625
2023,"AL","CLE",662,0.250136042082351,0.313167844813414,0.381461998911663,0.694629843725078
2023,"AL","DET",661,0.235852500912742,0.304813715792944,0.381526104417671,0.686339820210615
2023,"AL","HOU",827,0.258846775642177,0.331192807834323,0.436680438297108,0.767873246131431
2023,"AL","KCA",676,0.244104642593957,0.302781501340483,0.397568165070007,0.70034966641049
2023,"AL","LAA",739,0.24521770814356,0.316862361382909,0.426124977227182,0.742987338610091
2023,"AL","MIN",778,0.24339588267444,0.325761237312711,0.427582437602478,0.753343674915189
2023,"AL","NYA",673,0.226751831673868,0.303706188160322,0.397332331392072,0.701038519552394
2023,"AL","OAK",585,0.223498399548108,0.298482293423271,0.370363396723781,0.668845690147052
2023,"AL","SEA",758,0.242181818181818,0.321336346029697,0.412545454545455,0.733881800575151
2023,"AL","TBA",860,0.259843948466703,0.331438778824294,0.444928325167846,0.77636710399214
2023,"AL","TEX",881,0.262734584450402,0.337146488719415,0.45236818588025,0.789514674599666
2023,"AL","TOR",746,0.255843221862639,0.328665700949622,0.416576770945703,0.745242471895325
2023,"NL","ARI",746,0.25,0.321663379355687,0.408204562178072,0.729867941533759
2023,"NL","ATL",947,0.275683401822405,0.343955164131305,0.500804002144006,0.844759166275311
2023,"NL","CHN",819,0.254178779069767,0.329840399806545,0.42078488372093,0.750625283527475
2023,"NL","CIN",783,0.249318057828696,0.326910621761658,0.419530823786143,0.746441445547801
2023,"NL","COL",721,0.248908296943231,0.310110872083402,0.404657933042213,0.714768805125615
2023,"NL","LAN",906,0.257422157856626,0.340240430243594,0.454742939898624,0.794983370142218
2023,"NL","MIA",666,0.258868473712934,0.316375727348296,0.404766236128798,0.721141963477093
2023,"NL","MIL",728,0.239509840326773,0.319229502798815,0.385072409951727,0.704301912750541
2023,"NL","NYN",717,0.237926533656536,0.316260566882148,0.407234756666045,0.723495323548193
2023,"NL","PHI",796,0.255730012633099,0.327087707963172,0.437827107020393,0.764914814983566
2023,"NL","PIT",692,0.239178690344062,0.314530760349662,0.39197188309286,0.706502643442522
2023,"NL","SDN",752,0.243658581744121,0.329163281884647,0.413256804295501,0.742420086180147
2023,"NL","SFN",674,0.234848484848485,0.312047399605003,0.383407243163341,0.695454642768344
2023,"NL","SLN",719,0.2497277676951,0.325844512687894,0.415789473684211,0.741633986372105
2023,"NL","WAS",700,0.253712423035132,0.313809602375846,0.395689967403115,0.70949956977896
